"","2382.GM.181.R3.root.10.12.lane7.NoIndex.L007.sequences","2382.SH005.C3.RH.2.258.root.9.11.lane1.NoIndex.L001.sequences","1642.MS00472","2382.HE003.C181.HA.2.358.root.9.11.lane1.NoIndex.L001.sequences","1642.MS00600","2382.MU002.C3.HA.5.698.root.9.12.lane7.NoIndex.L007.sequences","1642.MS00477","2382.MU002.C3.HA.2.482.rhizo.4.12.lane7.NoIndex.L007.sequences","2382.SH007.C6.RH.4.518.root.4.12.lane7.NoIndex.L007.sequences","1642.MS00568","2382.SH008.C6.HA.4.543.root.4.12.lane7.NoIndex.L007.sequences","2382.MU002.C3.HA.1.677.rhizo.9.12.lane7.NoIndex.L007.sequences","1642.MS00425","2382.SH008.C6.HA.2.333.root.9.11.lane1.NoIndex.L001.sequences","1642.MS00513","1642.MS00561","1642.MS00355","1642.MS00546","2382.SH005.C3.RH.1.652.rhizo.9.12.lane7.NoIndex.L007.sequences","1642.MS00633","1642.MS00333","2382.DPOO1.C1.HA.3.637.rhizo.9.12.lane7.NoIndex.L007.sequences","1642.MS00419","2382.SH008.C6.HA.1.103.root.6.11.lane1.NoIndex.L001.sequences","2382.DPOO1.C1.HA.2.433.root.4.12.lane7.NoIndex.L007.sequences","2382.DPOO1.C1.HA.1.23.root.6.11.lane1.NoIndex.L001.sequences","2382.HE003.C181.HA.1.553.root.4.12.lane7.NoIndex.L007.sequences","2382.SH004.C1.RH.2.208.root.9.11.lane1.NoIndex.L001.sequences","2382.SH008.C6.HA.3.338.root.9.11.lane1.NoIndex.L001.sequences","1642.MS00595","1642.MS00421","2382.RU006.C181.RH.2.147.root.6.11.lane1.NoIndex.L001.sequences","2382.SH004.C1.RH.3.213.root.9.11.lane1.NoIndex.L001.sequences","2382.SH005.C3.RH.5.472.rhizo.4.12.lane7.NoIndex.L007.sequences","1642.MS00368","2382.SH008.C6.HA.4.115.root.6.11.lane1.NoIndex.L001.sequences","1642.MS00478","1642.MS00411","1642.MS00376","1642.MS00516"
"2382.GM.181.R3.root.10.12.lane7.NoIndex.L007.sequences",0,0.0345536948506,0.0974833256655,0.0216374135657,0.1148051305285,0.0190532826177,0.0908041306218,0.0620591741307,0.0287947059258,0.0959626777652,0.0244671456262,0.0570663208826,0.0820573159275,0.0278483242358,0.1049912719376,0.0953635207258,0.0696108834298,0.0977137055353,0.0582724031852,0.1142110029645,0.0723828853031,0.0623469005308,0.0995350105365,0.0349599419645,0.0256042302698,0.0372889361903,0.0219049751664,0.0315408135284,0.0203854757675,0.0875496333446,0.0881793894776,0.0286350805615,0.0266676938616,0.0510399855894,0.0727808932666,0.0285015682137,0.1195626434284,0.0924372175041,0.0778252008412,0.1105311835955
"2382.SH005.C3.RH.2.258.root.9.11.lane1.NoIndex.L001.sequences",0.0345536948506,0,0.0820125941448,0.0209242596211,0.1016654155081,0.0297873412562,0.0844876968854,0.0313770852115,0.0222267106159,0.0820293942658,0.0215573299802,0.0303203668303,0.07476001012,0.0225921038353,0.0934297283345,0.0872303793979,0.0734498092698,0.0830240203663,0.0378007204967,0.0987809944461,0.0774291044883,0.0348171337274,0.0880071769695,0.0219039624203,0.0270250482491,0.0253356390191,0.026984365989,0.0184617283241,0.0213087008113,0.0725922083134,0.0772330148576,0.0231210204537,0.0192712682402,0.0252703980633,0.084039968726,0.0257197871082,0.1027760519768,0.0814121511828,0.0900652538671,0.0919266538703
"1642.MS00472",0.0974833256655,0.0820125941448,0,0.0953336366959,0.0227403674389,0.0954574405551,0.018375158766,0.0808188704993,0.0859814774585,0.0203556985372,0.0870119270155,0.0869519820786,0.0197233728369,0.093007995467,0.019332817296,0.0215243484254,0.032417805682,0.0254123853666,0.0846043928311,0.0252065416303,0.0254418514743,0.0839665022453,0.0263739659353,0.0845207833175,0.0930287055953,0.081141666899,0.1010184584421,0.079947715215,0.0957192886926,0.0256041220565,0.0212283465445,0.0849332943548,0.0852144649963,0.0809581493828,0.0353116274454,0.081244397012,0.0231147609071,0.0223337338053,0.0350380342577,0.0222771991104
"2382.HE003.C181.HA.2.358.root.9.11.lane1.NoIndex.L001.sequences",0.0216374135657,0.0209242596211,0.0953336366959,0,0.1126627425176,0.023318033686,0.0991971192939,0.0423355804663,0.0205316977348,0.100553558616,0.020845173803,0.0445595356301,0.0922150656654,0.0232876947053,0.1103076707525,0.1008937821824,0.088640152273,0.0993681100353,0.0464936705962,0.1166381893778,0.0874851242935,0.0430628448185,0.1031548806531,0.0257890092474,0.0199496814541,0.0245016403582,0.0114437974617,0.0223673077097,0.0167509318299,0.091137439385,0.0893360353972,0.0171181198186,0.0239043816336,0.0377873257054,0.0972493242493,0.0240963235738,0.1177054122677,0.0959217167006,0.1023419966861,0.1115746042571
"1642.MS00600",0.1148051305285,0.1016654155081,0.0227403674389,0.1126627425176,0,0.113427034097,0.0225894717506,0.1023095252658,0.1096977944167,0.0224788984622,0.1062494665951,0.1089749290678,0.0242773992865,0.1125296922498,0.0202801757974,0.0221287598505,0.0376079694653,0.0252629850514,0.106776840782,0.0236092334518,0.0308373022142,0.1047362963217,0.0269075648063,0.1036288199567,0.1097580665236,0.0983011203041,0.1149054911266,0.0994118963525,0.1155962460483,0.0296542452277,0.0248098685453,0.105700689787,0.1043504832145,0.1005769471982,0.0393855082065,0.1034114996541,0.0202462108319,0.025876510088,0.0413920784383,0.0223767268759
"2382.MU002.C3.HA.5.698.root.9.12.lane7.NoIndex.L007.sequences",0.0190532826177,0.0297873412562,0.0954574405551,0.023318033686,0.113427034097,0,0.0929180990642,0.0575096685392,0.0304681123623,0.0922496482317,0.0273076160527,0.0565044129046,0.0810887658116,0.0276081053897,0.1069618153316,0.0949580059497,0.0775811169269,0.0989993175862,0.0650375737854,0.1105233901676,0.0749824123898,0.0577110281977,0.0985517865943,0.0296941583561,0.026402815224,0.0349749197385,0.0258169805983,0.0326898970954,0.0205356462738,0.0866965375524,0.0898470716511,0.0277731799785,0.029494288287,0.05260634777,0.0799465209384,0.0246573645043,0.1163061659409,0.0905578791014,0.0846484467026,0.1078593923957
"1642.MS00477",0.0908041306218,0.0844876968854,0.018375158766,0.0991971192939,0.0225894717506,0.0929180990642,0,0.0869354070395,0.0921805013851,0.019265414296,0.0900839000921,0.0935408899089,0.0185218305643,0.0949028117423,0.0184801330662,0.0208396652855,0.0334502189736,0.0235276426452,0.0927171337101,0.0221166972829,0.0235089724962,0.0868962887361,0.0239034645596,0.0866915418915,0.0937574178264,0.084562893758,0.1009388389816,0.0840775181449,0.0984588408895,0.0244221863659,0.0205350171392,0.0871625649776,0.0884670196206,0.0838239690543,0.036619238209,0.083126089547,0.0204374023769,0.0222960048391,0.0359009548748,0.020887333296
"2382.MU002.C3.HA.2.482.rhizo.4.12.lane7.NoIndex.L007.sequences",0.0620591741307,0.0313770852115,0.0808188704993,0.0423355804663,0.1023095252658,0.0575096685392,0.0869354070395,0,0.0347888172768,0.0848635205396,0.0391292084254,0.0218246982355,0.0762824359902,0.0425640785418,0.0901102405444,0.0877579876663,0.077774165213,0.0813022608221,0.0242021054584,0.0994176018182,0.0829695627308,0.0273709876431,0.0873457249812,0.0370436338921,0.041441661414,0.0326822525259,0.0455732604241,0.0325898615684,0.0463461578404,0.0756340969104,0.0773574956228,0.0390474870726,0.03615048949,0.027161357762,0.0853875551163,0.0431168935887,0.1028997746804,0.0819256063228,0.092227439923,0.0899329613402
"2382.SH007.C6.RH.4.518.root.4.12.lane7.NoIndex.L007.sequences",0.0287947059258,0.0222267106159,0.0859814774585,0.0205316977348,0.1096977944167,0.0304681123623,0.0921805013851,0.0347888172768,0,0.0912412040434,0.0159452043516,0.0355122781242,0.0819794452069,0.0180310048285,0.0997502175444,0.0936903619541,0.0787909912637,0.0920412316453,0.0356976080916,0.11186739221,0.0790867224305,0.0312306424835,0.0955233831859,0.0221058945147,0.0203678946929,0.0232919569511,0.021131676593,0.0175919093855,0.0181702052713,0.0809873340457,0.0820668544155,0.0242338669353,0.0173612228267,0.0242222165326,0.0876493013272,0.0296910690716,0.113905254035,0.0891087894573,0.0935068091002,0.1011027270723
"1642.MS00568",0.0959626777652,0.0820293942658,0.0203556985372,0.100553558616,0.0224788984622,0.0922496482317,0.019265414296,0.0848635205396,0.0912412040434,0,0.0925417082322,0.0915043042761,0.021227195546,0.0958673938874,0.0194402456832,0.0200348503702,0.0345377244091,0.0210519136903,0.0911078961392,0.0249532500803,0.0287409037805,0.086907572706,0.0250965451624,0.0884242312116,0.0949162759445,0.0836521733389,0.1045482205726,0.0835962265641,0.1004487847681,0.0251846843059,0.021806129849,0.0891930596387,0.0884417412385,0.0833168967688,0.0392297556668,0.08274072069,0.0225059853656,0.0227923346571,0.0380826164602,0.0198250716158
"2382.SH008.C6.HA.4.543.root.4.12.lane7.NoIndex.L007.sequences",0.0244671456262,0.0215573299802,0.0870119270155,0.020845173803,0.1062494665951,0.0273076160527,0.0900839000921,0.0391292084254,0.0159452043516,0.0925417082322,0,0.0375843159003,0.0798103447161,0.0169666466466,0.1003023073137,0.0923958743553,0.0731883886272,0.0916367628281,0.0383201961672,0.1110770929805,0.071369370415,0.0371615652334,0.0905968974802,0.0194790928467,0.0188895823222,0.023064637911,0.0205974468841,0.0201350361519,0.0149904199049,0.0795828729721,0.0823386006516,0.0246755943331,0.0193266418583,0.0302064723139,0.0777378440893,0.0246906170468,0.1115113799332,0.0859170574018,0.0815278835138,0.1027952410359
"2382.MU002.C3.HA.1.677.rhizo.9.12.lane7.NoIndex.L007.sequences",0.0570663208826,0.0303203668303,0.0869519820786,0.0445595356301,0.1089749290678,0.0565044129046,0.0935408899089,0.0218246982355,0.0355122781242,0.0915043042761,0.0375843159003,0,0.0806155963132,0.0426957450899,0.0958928067336,0.0939130890484,0.0793882020281,0.0889551486427,0.026701920919,0.1062014196261,0.0858413857189,0.0272850193273,0.0908202105555,0.0385916199857,0.0370734341276,0.0290500198904,0.043834766899,0.0349977933626,0.046550695327,0.0795363037239,0.0814170586005,0.0423791063682,0.0382943158968,0.0310933644353,0.087999440834,0.0459773153973,0.1091450106272,0.085407362422,0.0945493054745,0.0968653560871
"1642.MS00425",0.0820573159275,0.07476001012,0.0197233728369,0.0922150656654,0.0242773992865,0.0810887658116,0.0185218305643,0.0762824359902,0.0819794452069,0.021227195546,0.0798103447161,0.0806155963132,0,0.0860062693536,0.0179709801683,0.0208486402949,0.0258349050323,0.0227226533959,0.0838721814889,0.0261207504411,0.0204522627542,0.079064163165,0.0228170449619,0.0760275197216,0.0844708004593,0.0771600559255,0.0935034492195,0.0748825654577,0.0878890201559,0.0253360073838,0.0180524159477,0.0806564325968,0.0790788886571,0.0751595908349,0.0266754680102,0.0713047192223,0.0226246269709,0.0192451899137,0.030789241144,0.0217002427723
"2382.SH008.C6.HA.2.333.root.9.11.lane1.NoIndex.L001.sequences",0.0278483242358,0.0225921038353,0.093007995467,0.0232876947053,0.1125296922498,0.0276081053897,0.0949028117423,0.0425640785418,0.0180310048285,0.0958673938874,0.0169666466466,0.0426957450899,0.0860062693536,0,0.1075726757604,0.0996071198126,0.0847779776017,0.099178110609,0.0486523907726,0.1144719557749,0.0816525616438,0.0366078958973,0.1014938929971,0.0242118838091,0.0249371636057,0.0238009511295,0.025284872843,0.0205924032675,0.0161621418229,0.0871831511955,0.0891156377312,0.0278323592644,0.01708213622,0.0330658149159,0.09257366278,0.0292071701335,0.1188786379143,0.0935740744276,0.0963675723358,0.1084193691664
"1642.MS00513",0.1049912719376,0.0934297283345,0.019332817296,0.1103076707525,0.0202801757974,0.1069618153316,0.0184801330662,0.0901102405444,0.0997502175444,0.0194402456832,0.1003023073137,0.0958928067336,0.0179709801683,0.1075726757604,0,0.0202747997878,0.0309009475937,0.0232797438935,0.0930146180364,0.0241126503679,0.02557835611,0.0889594094976,0.0241743528088,0.0974767156792,0.1024262294122,0.0942985004556,0.1103010512471,0.0925043956688,0.1145510306859,0.0258794517081,0.0204961934624,0.0959800625479,0.0986946339436,0.0840488038901,0.0332248116613,0.0963873272782,0.0201188678533,0.0209959530062,0.0338243131649,0.020036715602
"1642.MS00561",0.0953635207258,0.0872303793979,0.0215243484254,0.1008937821824,0.0221287598505,0.0949580059497,0.0208396652855,0.0877579876663,0.0936903619541,0.0200348503702,0.0923958743553,0.0939130890484,0.0208486402949,0.0996071198126,0.0202747997878,0,0.0343618833827,0.0216463663298,0.0909601962509,0.0257240183967,0.0288461408582,0.0898174671632,0.0293753774587,0.091604605148,0.0964878931011,0.0887664652488,0.10412715761,0.0876098162999,0.1017487742753,0.0290574440222,0.02256403732,0.0917787815416,0.0932115906128,0.0865374326609,0.0372692210155,0.0876157002912,0.0236405022321,0.0234274064848,0.0394537248985,0.0213724692312
"1642.MS00355",0.0696108834298,0.0734498092698,0.032417805682,0.088640152273,0.0376079694653,0.0775811169269,0.0334502189736,0.077774165213,0.0787909912637,0.0345377244091,0.0731883886272,0.0793882020281,0.0258349050323,0.0847779776017,0.0309009475937,0.0343618833827,0,0.0370785086476,0.0827666550818,0.0384917590844,0.0223592906869,0.0866267641869,0.0259659235061,0.0755453422883,0.0790448311546,0.0814686624633,0.0783533214286,0.0714229011535,0.083515716636,0.0363544934759,0.0249226680327,0.0785491735413,0.0731895272734,0.0721640086272,0.018027682161,0.0665889082801,0.0337095162337,0.0237755519967,0.0179706936165,0.0337408345311
"1642.MS00546",0.0977137055353,0.0830240203663,0.0254123853666,0.0993681100353,0.0252629850514,0.0989993175862,0.0235276426452,0.0813022608221,0.0920412316453,0.0210519136903,0.0916367628281,0.0889551486427,0.0227226533959,0.099178110609,0.0232797438935,0.0216463663298,0.0370785086476,0,0.0853023268562,0.0283954133856,0.0347392624883,0.0815149673335,0.0267624523607,0.0890101657746,0.0956166512129,0.085415581818,0.1015799920567,0.0833835927861,0.1029961717447,0.029586462461,0.0244446710841,0.0877653780758,0.0913304847752,0.0789255752985,0.0428457114912,0.086873490923,0.0281712105843,0.0237113671354,0.04423030802,0.020045375205
"2382.SH005.C3.RH.1.652.rhizo.9.12.lane7.NoIndex.L007.sequences",0.0582724031852,0.0378007204967,0.0846043928311,0.0464936705962,0.106776840782,0.0650375737854,0.0927171337101,0.0242021054584,0.0356976080916,0.0911078961392,0.0383201961672,0.026701920919,0.0838721814889,0.0486523907726,0.0930146180364,0.0909601962509,0.0827666550818,0.0853023268562,0,0.1014821002845,0.0950991734636,0.0282940522462,0.0888686493581,0.0387045344583,0.0456887720544,0.0383191243018,0.0493969755973,0.0403084497367,0.0494099694953,0.0786110963312,0.0804579192197,0.0423668927039,0.0444636872553,0.0262736954218,0.0958234680585,0.0449242007522,0.1080261606055,0.086966850732,0.0946617219597,0.0931455775806
"1642.MS00633",0.1142110029645,0.0987809944461,0.0252065416303,0.1166381893778,0.0236092334518,0.1105233901676,0.0221166972829,0.0994176018182,0.11186739221,0.0249532500803,0.1110770929805,0.1062014196261,0.0261207504411,0.1144719557749,0.0241126503679,0.0257240183967,0.0384917590844,0.0283954133856,0.1014821002845,0,0.0298955960767,0.1037457040013,0.0313044429325,0.1032941880241,0.1148134648747,0.1003523519418,0.1213690955606,0.1003440872726,0.1175140154369,0.0276289747127,0.0261264304799,0.1077231801789,0.1044985356794,0.1010296962652,0.0418288576711,0.0986133229239,0.0230733120746,0.0286121743342,0.0446278038653,0.0231659621533
"1642.MS00333",0.0723828853031,0.0774291044883,0.0254418514743,0.0874851242935,0.0308373022142,0.0749824123898,0.0235089724962,0.0829695627308,0.0790867224305,0.0287409037805,0.071369370415,0.0858413857189,0.0204522627542,0.0816525616438,0.02557835611,0.0288461408582,0.0223592906869,0.0347392624883,0.0950991734636,0.0298955960767,0,0.0867795363254,0.0239012245122,0.0734495409532,0.0787905639348,0.073916714506,0.0822684621725,0.0730762873477,0.0805474853884,0.0295845661402,0.0225100935661,0.0796762648071,0.0745617831664,0.0792387740605,0.0204807003034,0.0676714181323,0.0266690672587,0.0231910717181,0.0222299431273,0.0303143212169
"2382.DPOO1.C1.HA.3.637.rhizo.9.12.lane7.NoIndex.L007.sequences",0.0623469005308,0.0348171337274,0.0839665022453,0.0430628448185,0.1047362963217,0.0577110281977,0.0868962887361,0.0273709876431,0.0312306424835,0.086907572706,0.0371615652334,0.0272850193273,0.079064163165,0.0366078958973,0.0889594094976,0.0898174671632,0.0866267641869,0.0815149673335,0.0282940522462,0.1037457040013,0.0867795363254,0,0.0917561311821,0.0378367543914,0.0362573777351,0.0268550359399,0.0475780224503,0.0300930118536,0.0470373416477,0.0764627084009,0.0793225586578,0.0426540649562,0.0355676480348,0.0283274319614,0.0969981076656,0.0518484310156,0.1070485844817,0.0842133264675,0.0999686951157,0.0901589780734
"1642.MS00419",0.0995350105365,0.0880071769695,0.0263739659353,0.1031548806531,0.0269075648063,0.0985517865943,0.0239034645596,0.0873457249812,0.0955233831859,0.0250965451624,0.0905968974802,0.0908202105555,0.0228170449619,0.1014938929971,0.0241743528088,0.0293753774587,0.0259659235061,0.0267624523607,0.0888686493581,0.0313044429325,0.0239012245122,0.0917561311821,0,0.0910114629727,0.0948708498654,0.0851138912514,0.1002702767071,0.0869984035906,0.1071669109388,0.0306766709712,0.0215992288054,0.0950732613555,0.0926408957961,0.0854819764617,0.0280453603027,0.0849405369083,0.0252739036278,0.0204116326432,0.0272511321562,0.0238063176441
"2382.SH008.C6.HA.1.103.root.6.11.lane1.NoIndex.L001.sequences",0.0349599419645,0.0219039624203,0.0845207833175,0.0257890092474,0.1036288199567,0.0296941583561,0.0866915418915,0.0370436338921,0.0221058945147,0.0884242312116,0.0194790928467,0.0385916199857,0.0760275197216,0.0242118838091,0.0974767156792,0.091604605148,0.0755453422883,0.0890101657746,0.0387045344583,0.1032941880241,0.0734495409532,0.0378367543914,0.0910114629727,0,0.0273322916547,0.0231525522642,0.0304868904843,0.023946084076,0.0223499920694,0.0769948821834,0.0821337068875,0.0278742996652,0.0228503999136,0.0348120080648,0.0822558984469,0.0252270621416,0.1072998040284,0.0853024261802,0.0904696862206,0.0966304997331
"2382.DPOO1.C1.HA.2.433.root.4.12.lane7.NoIndex.L007.sequences",0.0256042302698,0.0270250482491,0.0930287055953,0.0199496814541,0.1097580665236,0.026402815224,0.0937574178264,0.041441661414,0.0203678946929,0.0949162759445,0.0188895823222,0.0370734341276,0.0844708004593,0.0249371636057,0.1024262294122,0.0964878931011,0.0790448311546,0.0956166512129,0.0456887720544,0.1148134648747,0.0787905639348,0.0362573777351,0.0948708498654,0.0273322916547,0,0.0185192822406,0.0216278717418,0.0275775942362,0.0209235714165,0.08560860227,0.0852060503603,0.0240727500853,0.0260569618107,0.0414789526995,0.0844450576231,0.0329796732579,0.1138413755856,0.0904561525575,0.0872065129619,0.1062434986685
"2382.DPOO1.C1.HA.1.23.root.6.11.lane1.NoIndex.L001.sequences",0.0372889361903,0.0253356390191,0.081141666899,0.0245016403582,0.0983011203041,0.0349749197385,0.084562893758,0.0326822525259,0.0232919569511,0.0836521733389,0.023064637911,0.0290500198904,0.0771600559255,0.0238009511295,0.0942985004556,0.0887664652488,0.0814686624633,0.085415581818,0.0383191243018,0.1003523519418,0.073916714506,0.0268550359399,0.0851138912514,0.0231525522642,0.0185192822406,0,0.0294224293014,0.0249442200222,0.025008121479,0.0739541018217,0.0778985738435,0.0252882850017,0.024337041032,0.0333029226245,0.0882568815226,0.0317955824199,0.1022899532834,0.0798491645617,0.0849514555069,0.0934610184249
"2382.HE003.C181.HA.1.553.root.4.12.lane7.NoIndex.L007.sequences",0.0219049751664,0.026984365989,0.1010184584421,0.0114437974617,0.1149054911266,0.0258169805983,0.1009388389816,0.0455732604241,0.021131676593,0.1045482205726,0.0205974468841,0.043834766899,0.0935034492195,0.025284872843,0.1103010512471,0.10412715761,0.0783533214286,0.1015799920567,0.0493969755973,0.1213690955606,0.0822684621725,0.0475780224503,0.1002702767071,0.0304868904843,0.0216278717418,0.0294224293014,0,0.0248034187889,0.0181377833587,0.0905312597206,0.0904211823594,0.0232911416193,0.0248506597964,0.0400037626557,0.0846182733778,0.0307077302656,0.1182255752966,0.0971235974892,0.084923449942,0.1120767366408
"2382.SH004.C1.RH.2.208.root.9.11.lane1.NoIndex.L001.sequences",0.0315408135284,0.0184617283241,0.079947715215,0.0223673077097,0.0994118963525,0.0326898970954,0.0840775181449,0.0325898615684,0.0175919093855,0.0835962265641,0.0201350361519,0.0349977933626,0.0748825654577,0.0205924032675,0.0925043956688,0.0876098162999,0.0714229011535,0.0833835927861,0.0403084497367,0.1003440872726,0.0730762873477,0.0300930118536,0.0869984035906,0.023946084076,0.0275775942362,0.0249442200222,0.0248034187889,0,0.0207201193105,0.0719980669996,0.0743880899114,0.0253934237066,0.015099294359,0.0218929275557,0.0791734482386,0.0295312065665,0.1038434979667,0.0803341169287,0.0835328912392,0.0923010650369
"2382.SH008.C6.HA.3.338.root.9.11.lane1.NoIndex.L001.sequences",0.0203854757675,0.0213087008113,0.0957192886926,0.0167509318299,0.1155962460483,0.0205356462738,0.0984588408895,0.0463461578404,0.0181702052713,0.1004487847681,0.0149904199049,0.046550695327,0.0878890201559,0.0161621418229,0.1145510306859,0.1017487742753,0.083515716636,0.1029961717447,0.0494099694953,0.1175140154369,0.0805474853884,0.0470373416477,0.1071669109388,0.0223499920694,0.0209235714165,0.025008121479,0.0181377833587,0.0207201193105,0,0.0876319413872,0.0916135056514,0.0209212024203,0.0181482167221,0.0386481746556,0.0910811514377,0.020811552666,0.1218477970221,0.0970735881328,0.0968242471804,0.1141528257971
"1642.MS00595",0.0875496333446,0.0725922083134,0.0256041220565,0.091137439385,0.0296542452277,0.0866965375524,0.0244221863659,0.0756340969104,0.0809873340457,0.0251846843059,0.0795828729721,0.0795363037239,0.0253360073838,0.0871831511955,0.0258794517081,0.0290574440222,0.0363544934759,0.029586462461,0.0786110963312,0.0276289747127,0.0295845661402,0.0764627084009,0.0306766709712,0.0769948821834,0.08560860227,0.0739541018217,0.0905312597206,0.0719980669996,0.0876319413872,0,0.0249795433874,0.0796491645539,0.0770378625029,0.0731540634358,0.0403094666039,0.0757130915383,0.0269251277958,0.0282500706809,0.0401999198614,0.0252101425014
"1642.MS00421",0.0881793894776,0.0772330148576,0.0212283465445,0.0893360353972,0.0248098685453,0.0898470716511,0.0205350171392,0.0773574956228,0.0820668544155,0.021806129849,0.0823386006516,0.0814170586005,0.0180524159477,0.0891156377312,0.0204961934624,0.02256403732,0.0249226680327,0.0244446710841,0.0804579192197,0.0261264304799,0.0225100935661,0.0793225586578,0.0215992288054,0.0821337068875,0.0852060503603,0.0778985738435,0.0904211823594,0.0743880899114,0.0916135056514,0.0249795433874,0,0.0797017587881,0.0799258380579,0.0742733773052,0.0262392576969,0.0759726121936,0.0228871138877,0.019124787334,0.0302338979694,0.0224349070911
"2382.RU006.C181.RH.2.147.root.6.11.lane1.NoIndex.L001.sequences",0.0286350805615,0.0231210204537,0.0849332943548,0.0171181198186,0.105700689787,0.0277731799785,0.0871625649776,0.0390474870726,0.0242338669353,0.0891930596387,0.0246755943331,0.0423791063682,0.0806564325968,0.0278323592644,0.0959800625479,0.0917787815416,0.0785491735413,0.0877653780758,0.0423668927039,0.1077231801789,0.0796762648071,0.0426540649562,0.0950732613555,0.0278742996652,0.0240727500853,0.0252882850017,0.0232911416193,0.0253934237066,0.0209212024203,0.0796491645539,0.0797017587881,0,0.0269060191494,0.0363412002926,0.08582404859,0.0216566322527,0.1078476463555,0.0858013725747,0.0940599573387,0.1001691720775
"2382.SH004.C1.RH.3.213.root.9.11.lane1.NoIndex.L001.sequences",0.0266676938616,0.0192712682402,0.0852144649963,0.0239043816336,0.1043504832145,0.029494288287,0.0884670196206,0.03615048949,0.0173612228267,0.0884417412385,0.0193266418583,0.0382943158968,0.0790788886571,0.01708213622,0.0986946339436,0.0932115906128,0.0731895272734,0.0913304847752,0.0444636872553,0.1044985356794,0.0745617831664,0.0355676480348,0.0926408957961,0.0228503999136,0.0260569618107,0.024337041032,0.0248506597964,0.015099294359,0.0181482167221,0.0770378625029,0.0799258380579,0.0269060191494,0,0.0262468335443,0.0822060289879,0.0297893156039,0.1088863060335,0.0855500840823,0.0869845362798,0.0991324674262
"2382.SH005.C3.RH.5.472.rhizo.4.12.lane7.NoIndex.L007.sequences",0.0510399855894,0.0252703980633,0.0809581493828,0.0377873257054,0.1005769471982,0.05260634777,0.0838239690543,0.027161357762,0.0242222165326,0.0833168967688,0.0302064723139,0.0310933644353,0.0751595908349,0.0330658149159,0.0840488038901,0.0865374326609,0.0721640086272,0.0789255752985,0.0262736954218,0.1010296962652,0.0792387740605,0.0283274319614,0.0854819764617,0.0348120080648,0.0414789526995,0.0333029226245,0.0400037626557,0.0218929275557,0.0386481746556,0.0731540634358,0.0742733773052,0.0363412002926,0.0262468335443,0,0.0814478523642,0.0399644688115,0.103272762595,0.0813946320058,0.0892667371935,0.0885964718083
"1642.MS00368",0.0727808932666,0.084039968726,0.0353116274454,0.0972493242493,0.0393855082065,0.0799465209384,0.036619238209,0.0853875551163,0.0876493013272,0.0392297556668,0.0777378440893,0.087999440834,0.0266754680102,0.09257366278,0.0332248116613,0.0372692210155,0.018027682161,0.0428457114912,0.0958234680585,0.0418288576711,0.0204807003034,0.0969981076656,0.0280453603027,0.0822558984469,0.0844450576231,0.0882568815226,0.0846182733778,0.0791734482386,0.0910811514377,0.0403094666039,0.0262392576969,0.08582404859,0.0822060289879,0.0814478523642,0,0.0729847081964,0.0341941912057,0.0264669051648,0.0195135756639,0.0387805743582
"2382.SH008.C6.HA.4.115.root.6.11.lane1.NoIndex.L001.sequences",0.0285015682137,0.0257197871082,0.081244397012,0.0240963235738,0.1034114996541,0.0246573645043,0.083126089547,0.0431168935887,0.0296910690716,0.08274072069,0.0246906170468,0.0459773153973,0.0713047192223,0.0292071701335,0.0963873272782,0.0876157002912,0.0665889082801,0.086873490923,0.0449242007522,0.0986133229239,0.0676714181323,0.0518484310156,0.0849405369083,0.0252270621416,0.0329796732579,0.0317955824199,0.0307077302656,0.0295312065665,0.020811552666,0.0757130915383,0.0759726121936,0.0216566322527,0.0297893156039,0.0399644688115,0.0729847081964,0,0.102508521275,0.079463194932,0.0801339483389,0.0946923053823
"1642.MS00478",0.1195626434284,0.1027760519768,0.0231147609071,0.1177054122677,0.0202462108319,0.1163061659409,0.0204374023769,0.1028997746804,0.113905254035,0.0225059853656,0.1115113799332,0.1091450106272,0.0226246269709,0.1188786379143,0.0201188678533,0.0236405022321,0.0337095162337,0.0281712105843,0.1080261606055,0.0230733120746,0.0266690672587,0.1070485844817,0.0252739036278,0.1072998040284,0.1138413755856,0.1022899532834,0.1182255752966,0.1038434979667,0.1218477970221,0.0269251277958,0.0228871138877,0.1078476463555,0.1088863060335,0.103272762595,0.0341941912057,0.102508521275,0,0.0250164749289,0.0369905487371,0.0216948096346
"1642.MS00411",0.0924372175041,0.0814121511828,0.0223337338053,0.0959217167006,0.025876510088,0.0905578791014,0.0222960048391,0.0819256063228,0.0891087894573,0.0227923346571,0.0859170574018,0.085407362422,0.0192451899137,0.0935740744276,0.0209959530062,0.0234274064848,0.0237755519967,0.0237113671354,0.086966850732,0.0286121743342,0.0231910717181,0.0842133264675,0.0204116326432,0.0853024261802,0.0904561525575,0.0798491645617,0.0971235974892,0.0803341169287,0.0970735881328,0.0282500706809,0.019124787334,0.0858013725747,0.0855500840823,0.0813946320058,0.0264669051648,0.079463194932,0.0250164749289,0,0.0284399134561,0.0230469754799
"1642.MS00376",0.0778252008412,0.0900652538671,0.0350380342577,0.1023419966861,0.0413920784383,0.0846484467026,0.0359009548748,0.092227439923,0.0935068091002,0.0380826164602,0.0815278835138,0.0945493054745,0.030789241144,0.0963675723358,0.0338243131649,0.0394537248985,0.0179706936165,0.04423030802,0.0946617219597,0.0446278038653,0.0222299431273,0.0999686951157,0.0272511321562,0.0904696862206,0.0872065129619,0.0849514555069,0.084923449942,0.0835328912392,0.0968242471804,0.0401999198614,0.0302338979694,0.0940599573387,0.0869845362798,0.0892667371935,0.0195135756639,0.0801339483389,0.0369905487371,0.0284399134561,0,0.0380402125553
"1642.MS00516",0.1105311835955,0.0919266538703,0.0222771991104,0.1115746042571,0.0223767268759,0.1078593923957,0.020887333296,0.0899329613402,0.1011027270723,0.0198250716158,0.1027952410359,0.0968653560871,0.0217002427723,0.1084193691664,0.020036715602,0.0213724692312,0.0337408345311,0.020045375205,0.0931455775806,0.0231659621533,0.0303143212169,0.0901589780734,0.0238063176441,0.0966304997331,0.1062434986685,0.0934610184249,0.1120767366408,0.0923010650369,0.1141528257971,0.0252101425014,0.0224349070911,0.1001691720775,0.0991324674262,0.0885964718083,0.0387805743582,0.0946923053823,0.0216948096346,0.0230469754799,0.0380402125553,0
