"","2382.SH004.C1.RH.3.612.rhizo.9.12.lane7.NoIndex.L007.sequences","1642.MS00441","1001.SKB8","2382.MU002.C3.HA.4.493.root.4.12.lane7.NoIndex.L007.sequences","2382.SH008.C6.HA.4.343.root.9.11.lane1.NoIndex.L001.sequences","1642.MS00467","1642.MS00463","2382.HE003.C181.HA.2.758.root.9.12.lane7.NoIndex.L007.sequences","1642.MS00606","1642.MS00423","1642.MS00585","1642.MS00343","1642.MS00335","2382.SH007.C6.RH.2.507.rhizo.4.12.lane7.NoIndex.L007.sequences","1642.MS00429","1642.MS00567","2382.SH004.C1.RH.3.213.root.9.11.lane1.NoIndex.L001.sequences","2382.HE003.C181.HA.5.572.rhizo.4.12.lane7.NoIndex.L007.sequences","1642.MS00578","2382.MU002.C3.HA.3.71.root.6.11.lane1.NoIndex.L001.sequences","1642.MS00507","1642.MS00564","1642.MS00358","2382.DPOO1.C1.HA.1.23.root.6.11.lane1.NoIndex.L001.sequences","1642.MS00414","2382.HE003.C181.HA.3.131.r1.root.6.11.lane7.NoIndex.L007.sequences","2382.SH004.C1.RH.5.622.rhizo.9.12.lane7.NoIndex.L007.sequences","2382.MU002.C3.HA.3.288.root.9.11.lane1.NoIndex.L001.sequences","2382.SH004.C1.RH.4.418.root.4.12.lane7.NoIndex.L007.sequences","1642.MS00596","2382.SH008.C6.HA.4.115.root.6.11.lane1.NoIndex.L001.sequences","1642.MS00542","1642.MS00489","1642.MS00391","1642.MS00613","1642.MS00402","2382.MU002.C3.HA.4.692.rhizo.9.12.lane7.NoIndex.L007.sequences","1642.MS00630","1642.MS00437","2382.SH008.C6.HA.4.543.root.4.12.lane7.NoIndex.L007.sequences"
"2382.SH004.C1.RH.3.612.rhizo.9.12.lane7.NoIndex.L007.sequences",NA,3.91145568489695,-1.7075573262503,-6.38688954222991,-3.95942481897043,4.33439104362856,4.94984970727192,-5.8242849687321,8.50884273231418,2.26761051973502,4.60549422865745,1.84236773556554,2.09747085706734,-7.43070586056115,3.85885944654481,5.4626618229499,-2.97871852112575,-8.29407193261377,4.8534314000134,-4.16487491031862,3.20179898432774,3.25595474165859,5.29300094597305,-4.80663723672883,4.08885264530034,-4.61694865089303,-9.25459695859359,-5.80938077612311,-5.52346317194518,7.07056336778364,-4.64637128266199,4.82078026984377,4.72583803144096,3.32541742987835,4.27019106263824,4.85570239086676,-1.70104055967168,5.51911223350585,2.78865896337615,-3.34853479735234
"1642.MS00441",3.91145568489695,NA,1.18978220491462,0.177599523928846,1.26743688302305,-3.77740182160681,-3.45179733862105,-0.281348912270135,-2.97198616847981,-4.52927536407981,-5.09159878835291,-2.96678209475989,-1.50944924005484,1.94992061238192,-3.35416990055681,-5.99918660391517,1.13435466041808,1.78299387152069,-5.01048489705172,-0.284203894313549,-5.40938992695355,-5.37750145798598,3.21365926200923,0.61537597720712,-4.42884192508312,-0.169068968802492,1.90663403432888,0.130919749113865,0.429285731949397,-3.84042462599949,0.398731509749237,-5.64846498109284,-3.4171781337621,-5.00043472152208,-4.06252077910775,-3.68389176318367,3.64351612026388,-5.76767264857662,-5.43511889294629,0.574818679855176
"1001.SKB8",-1.7075573262503,1.18978220491462,NA,-2.32774807461739,-2.33342453347527,1.32388844093188,1.17239420450937,-2.17210105294212,1.97404564938079,0.44856502432594,0.61380178950741,0.0414847483445413,0.607733280940706,-1.94157574975446,0.106556305338895,1.0394480323669,-2.51702380748339,-0.909737937983307,1.90094995838638,-1.72542456464166,1.58754688246944,0.497341563232731,0.4032088764099,-1.16378350543681,0.872039146493784,-2.48797571385082,-1.4920867564386,-2.7799237342629,-2.29743527514789,1.14517443879264,-2.05526775026333,1.11684720420161,1.04488121889728,1.14139963628571,0.973396008191945,1.05158456313589,-0.35380713784721,0.911049405606752,1.04485173863718,-2.62205546331736
"2382.MU002.C3.HA.4.493.root.4.12.lane7.NoIndex.L007.sequences",-6.38688954222991,0.177599523928846,-2.32774807461739,NA,-6.98101654739572,0.0983895437978183,0.223346977671099,-6.07438815891811,1.18849699078324,-0.333398218264433,0.733612600642808,-1.28700060224717,-1.18334521632643,-6.17026901417844,-0.336007364739581,0.647976482180967,-6.71661415291426,-5.50363482272413,0.71940744058795,-6.20399819730966,-0.291491978818115,-0.13215981382067,-0.586480353687203,-6.72029721527895,-0.118885476033,-4.89528714074523,-4.11089292404526,-7.03135759144234,-4.74643634528332,1.11848754725,-6.50948964292397,0.536227165432748,0.675059123492623,-0.0459715521810302,1.22009840104415,-0.32754627835977,-4.25586459280001,1.11741160673168,0.0532532869241873,-6.28505598247586
"2382.SH008.C6.HA.4.343.root.9.11.lane1.NoIndex.L001.sequences",-3.95942481897043,1.26743688302305,-2.33342453347527,-6.98101654739572,NA,2.6864150175859,2.04175880677856,-7.06332632168202,5.04132262421116,1.03146460843624,3.16044754669879,-0.142813958366346,-0.7867750545032,-6.04855412142611,0.715248952715853,2.11072833385237,-8.68099224987299,-5.4378398842777,1.864964553848,-6.9140512516329,0.133053952434087,1.75953975449337,0.160855722874677,-7.5290351861532,1.5958309643568,-5.04905132317581,-6.31676097344241,-6.20420296576264,-6.39168863912893,4.96906749337158,-7.05833930444584,2.27068303995364,5.24011204994222,0.763608603951691,3.45093831583,2.58950027755078,-5.24126281223991,4.18168424450155,1.63243602445961,-8.40085479032225
"1642.MS00467",4.33439104362856,-3.77740182160681,1.32388844093188,0.0983895437978183,2.6864150175859,NA,-4.5188788402376,0.0354991604407076,-3.81192107755981,-5.89656972036623,-2.54062781886399,-3.23258313601622,-1.73374396559263,4.28528705433725,-4.39190434208143,-2.35843582801848,2.46692078225708,2.88790275140741,-2.91287926002628,0.684064821752079,-5.98281877061331,-4.55797126880123,-0.66716694888738,2.23801689960289,-3.36265922122756,-0.14689399878959,3.00653571296714,0.730366268695531,0.741022841247969,-3.2073267725746,1.41221843807032,-6.70354625942307,-5.73896848914418,-3.25679341267094,-1.55065968186784,-4.04482877140503,6.08503704502563,-5.2186622693683,-4.33737879884,1.73851810306427
"1642.MS00463",4.94984970727192,-3.45179733862105,1.17239420450937,0.223346977671099,2.04175880677856,-4.5188788402376,NA,-0.361715339660029,-3.1083713693332,-3.80747512257585,-5.01319645141391,-2.54903700815978,-2.46617225433731,3.29415917232969,-3.89297726011942,-5.12510049848544,1.93732002541035,3.73900524860536,-4.49871897710845,0.330024559652657,-4.90971499110618,-3.8065421552142,-0.194864247373696,1.14581329162472,-3.60574563485984,-0.516983173701428,3.45302062832943,0.48187793000631,0.569441208434438,-4.54110072688493,0.984837412507823,-5.07971624061384,-3.71639308176593,-2.86879167253125,-2.83781930377984,-3.0339733369625,5.67405821992565,-4.19456383124763,-4.68369287090311,1.13776592015391
"2382.HE003.C181.HA.2.758.root.9.12.lane7.NoIndex.L007.sequences",-5.8242849687321,-0.281348912270135,-2.17210105294212,-6.07438815891811,-7.06332632168202,0.0354991604407076,-0.361715339660029,NA,0.478192786876928,-0.713908414194498,0.0107719190830386,-0.981306809732498,-1.53101613257495,-7.35854522176404,-0.286615703755464,-0.266363201235494,-6.12280076350568,-4.97268533221735,-0.155282005780967,-6.52409351976751,-0.879496991142625,-0.720015091900209,-0.339513485572679,-7.64140050784558,-0.601333938758696,-5.96108787981005,-3.64362894238151,-5.64720749223878,-6.39785923281889,0.472240392851581,-6.33225780997134,-0.413133639360399,1.18162791084512,-0.867264173933073,1.19317848179003,-0.801226856447797,-3.44985405510049,-0.00987180203046559,-0.418686390601605,-7.59816905805041
"1642.MS00606",8.50884273231418,-2.97198616847981,1.97404564938079,1.18849699078324,5.04132262421116,-3.81192107755981,-3.1083713693332,0.478192786876928,NA,-1.10553207372319,-3.95443056112651,-0.387157405490768,-1.09087600246803,8.45787030097338,-1.76489527206534,-2.94129898255198,4.48735102840995,9.51547537041386,-4.6239539770394,1.75406471185735,-3.96252299105726,-2.14410919132956,1.59263252984181,2.59228454919179,-2.81122330474431,0.906705232113887,8.62513527365073,1.35513454888125,1.03867991513306,-2.63728700102075,3.55697843671312,-4.19268346279846,-3.66028956659042,-3.57627289389683,-1.60816252032996,-1.37038017533888,9.40506661927586,-2.92352550757201,-3.32999149454856,3.64579738172817
"1642.MS00423",2.26761051973502,-4.52927536407981,0.44856502432594,-0.333398218264433,1.03146460843624,-5.89656972036623,-3.80747512257585,-0.713908414194498,-1.10553207372319,NA,-4.24627295468983,-3.70898844396963,-1.46010394990433,1.39472995910003,-3.49955404340853,-3.87617712496336,0.527889332713881,1.42952057586427,-4.59669848484018,-0.656895634196945,-5.29028298140341,-4.82246278801568,1.69006734259407,0.0939076576795294,-3.43879118201338,-1.18767220585629,1.26668399114747,-0.223316076407653,0.00441226833251643,-3.42744265597881,-0.0649879621168604,-4.08938947537567,-2.6111660884325,-4.42282681865938,-1.85005062333457,-2.528237885623,4.85091638787962,-4.39892467616622,-4.56217694066171,0.202494320127037
"1642.MS00585",4.60549422865745,-5.09159878835291,0.61380178950741,0.733612600642808,3.16044754669879,-2.54062781886399,-5.01319645141391,0.0107719190830386,-3.95443056112651,-4.24627295468983,NA,-1.50459200071262,-2.53898504864671,5.17697003047429,-2.98547998205317,-5.9052655665093,2.60125165452539,4.99606804459256,-5.82644117083955,0.188107822781914,-5.5218803215492,-4.78015264739186,0.905685134072607,1.12718601643892,-3.54350997276166,-0.0990573370348212,4.81428503291254,0.684685081524964,0.596495733081223,-3.51543327836483,1.21798371380401,-5.70287998167478,-3.90907482055418,-4.14947197964871,-3.28270941521447,-3.86977780960095,5.70516143684741,-4.69012513170633,-4.31720665135181,1.80081896063176
"1642.MS00343",1.84236773556554,-2.96678209475989,0.0414847483445413,-1.28700060224717,-0.142813958366346,-3.23258313601622,-2.54903700815978,-0.981306809732498,-0.387157405490768,-3.70898844396963,-1.50459200071262,NA,-2.34011171658014,0.312903292053339,-5.55728915920974,-3.18095731608922,-0.469354771550786,1.26446343655593,-2.68499033260112,-0.942837792879209,-1.41157775945156,-3.4791511638653,1.19444514673414,1.16724648541273,-4.04396864850302,-1.28445958203456,1.43904196234367,-0.380121599148272,0.141199307475811,-2.69112271488087,-1.20471740944652,-1.47005261655935,-1.82712936699094,-2.54993798500465,-1.25886932851494,-3.19906314824368,2.71473888217964,-2.73135912004408,-2.95992915485762,-0.7883986231951
"1642.MS00335",2.09747085706734,-1.50944924005484,0.607733280940706,-1.18334521632643,-0.7867750545032,-1.73374396559263,-2.46617225433731,-1.53101613257495,-1.09087600246803,-1.46010394990433,-2.53898504864671,-2.34011171658014,NA,-0.320464556167927,-6.45327841338394,-2.21279717681478,-0.889834488945658,-0.0664287203681871,-1.78218932896764,-1.35352369553496,-0.262964983532586,-2.18352205729027,2.08159158398321,-1.06873062178693,-0.993253105371453,-1.96357337797099,0.0876653708980221,-1.17043037499952,-0.674415475384414,-1.09345142208757,-1.38772557193347,-0.872446360587628,-1.61548323547455,-3.17586394213863,-0.577679273263096,-1.84341703029365,1.11316746920343,-1.48614578905416,-1.14468589911586,-1.28067763612597
"2382.SH007.C6.RH.2.507.rhizo.4.12.lane7.NoIndex.L007.sequences",-7.43070586056115,1.94992061238192,-1.94157574975446,-6.17026901417844,-6.04855412142611,4.28528705433725,3.29415917232969,-7.35854522176404,8.45787030097338,1.39472995910003,5.17697003047429,0.312903292053339,-0.320464556167927,NA,2.16514765317457,3.48575287312496,-5.06633833302856,-8.55619537234748,2.79789285788467,-5.54671810313259,1.04040868216752,2.60683689432562,1.86002407298425,-6.3192971807148,3.25914669216048,-4.9836031837268,-8.61449843482476,-5.93691369509767,-6.86487588760479,6.44524693850772,-5.66227372814417,3.98797688662191,6.85702026690726,1.43385161751951,5.42405405406298,3.82348361598002,-2.94092235898514,5.52130728226714,2.02751085198119,-4.04256993038418
"1642.MS00429",3.85885944654481,-3.35416990055681,0.106556305338895,-0.336007364739581,0.715248952715853,-4.39190434208143,-3.89297726011942,-0.286615703755464,-1.76489527206534,-3.49955404340853,-2.98547998205317,-5.55728915920974,-6.45327841338394,2.16514765317457,NA,-4.00646738425375,0.350586538678661,2.85302755047577,-4.69340770612866,-0.299854918252467,-3.25723697119584,-4.39213010842467,-0.621482879055708,0.911094101837076,-4.42154545389596,0.178452068819976,3.36896725952628,-0.196346261891432,0.082645054757331,-3.96423779201623,0.819298768786746,-4.00734590493823,-3.7779523013344,-4.65135668684728,-1.75701836898753,-3.4424169661005,4.28895447880527,-3.07622809147827,-4.24794970023665,-0.0902459608547409
"1642.MS00567",5.4626618229499,-5.99918660391517,1.0394480323669,0.647976482180967,2.11072833385237,-2.35843582801848,-5.12510049848544,-0.266363201235494,-2.94129898255198,-3.87617712496336,-5.9052655665093,-3.18095731608922,-2.21279717681478,3.48575287312496,-4.00646738425375,NA,1.63517451739089,3.59484938339907,-5.84720995404701,0.290289228766709,-6.43701196985015,-6.9997240708809,-0.470586443140883,1.10977377110343,-4.71499903789121,-0.441492946225994,4.24152334630906,0.221436407781612,0.511706276753758,-5.33342181507628,0.914555320359169,-7.62307132579728,-2.50586587857572,-4.24340961058888,-3.34331013187233,-3.32135785555286,6.05013743773154,-4.85209409184321,-5.03178927291881,1.11550967849557
"2382.SH004.C1.RH.3.213.root.9.11.lane1.NoIndex.L001.sequences",-2.97871852112575,1.13435466041808,-2.51702380748339,-6.71661415291426,-8.68099224987299,2.46692078225708,1.93732002541035,-6.12280076350568,4.48735102840995,0.527889332713881,2.60125165452539,-0.469354771550786,-0.889834488945658,-5.06633833302856,0.350586538678661,1.63517451739089,NA,-5.38363416607261,1.57756195664681,-7.91409920771178,-0.124701391355922,1.30173560635818,1.58040037238362,-7.2751365325622,1.1044644192301,-4.65571014199607,-5.97770838250189,-8.30993318172267,-6.4313107009837,3.84903488073553,-5.25199076969751,1.716908847227,4.53116959636596,0.544380691957078,3.55891246946706,1.54237592392761,-1.76909668867916,2.88071843999461,1.23302496220841,-6.73503792165985
"2382.HE003.C181.HA.5.572.rhizo.4.12.lane7.NoIndex.L007.sequences",-8.29407193261377,1.78299387152069,-0.909737937983307,-5.50363482272413,-5.4378398842777,2.88790275140741,3.73900524860536,-4.97268533221735,9.51547537041386,1.42952057586427,4.99606804459256,1.26446343655593,-0.0664287203681871,-8.55619537234748,2.85302755047577,3.59484938339907,-5.38363416607261,NA,2.81966261442639,-6.77371229433118,0.786373421314695,2.45634087928737,2.95317641467874,-5.91107757104811,2.85931756003715,-3.82611852774215,-8.777508777224,-4.94656422334917,-5.36549205749105,6.97978346096527,-5.73772649317827,2.91062906223151,4.97022588485653,1.29015531556226,4.80516071287456,3.30051603416834,-3.03439647302504,5.52350650380413,2.60834173379131,-4.0811018838558
"1642.MS00578",4.8534314000134,-5.01048489705172,1.90094995838638,0.71940744058795,1.864964553848,-2.91287926002628,-4.49871897710845,-0.155282005780967,-4.6239539770394,-4.59669848484018,-5.82644117083955,-2.68499033260112,-1.78218932896764,2.79789285788467,-4.69340770612866,-5.84720995404701,1.57756195664681,2.81966261442639,NA,0.485778324716953,-6.08592543330762,-5.92186021346971,0.308329647985762,1.15463327561667,-4.2323191492279,-0.0679991480911047,3.03473956419403,0.322390786106693,0.517319866476833,-6.60765919927453,0.913448268010215,-6.63993780096463,-3.54082522761414,-4.71285573585036,-4.05883219178474,-3.67466694309277,4.14312559823308,-5.85166318172587,-5.78773598493523,1.08314960708993
"2382.MU002.C3.HA.3.71.root.6.11.lane1.NoIndex.L001.sequences",-4.16487491031862,-0.284203894313549,-1.72542456464166,-6.20399819730966,-6.9140512516329,0.684064821752079,0.330024559652657,-6.52409351976751,1.75406471185735,-0.656895634196945,0.188107822781914,-0.942837792879209,-1.35352369553496,-5.54671810313259,-0.299854918252467,0.290289228766709,-7.91409920771178,-6.77371229433118,0.485778324716953,NA,-0.685325347810719,-0.323671938620342,-0.771559811371057,-7.10797191996619,-0.258336904946844,-5.7869525962614,-6.49608636776591,-7.82598998856911,-6.53610864778445,1.1766120142571,-6.96799339070903,0.0778433602023729,2.27089213322522,-0.50964726710686,1.52495648656473,-0.21225846609579,-5.29101632552966,0.770517030639867,-0.2042703299291,-7.01272823062197
"1642.MS00507",3.20179898432774,-5.40938992695355,1.58754688246944,-0.291491978818115,0.133053952434087,-5.98281877061331,-4.90971499110618,-0.879496991142625,-3.96252299105726,-5.29028298140341,-5.5218803215492,-1.41157775945156,-0.262964983532586,1.04040868216752,-3.25723697119584,-6.43701196985015,-0.124701391355922,0.786373421314695,-6.08592543330762,-0.685325347810719,NA,-5.46516179533617,3.74759775842883,-0.0523791378327053,-4.29137802065312,-0.717730893916687,1.24021639308585,-0.625104160569128,0.209712281428898,-6.25734993556382,-0.127912173129996,-6.79579943212693,-5.91931767848873,-4.55469260959516,-2.20934947961257,-3.40213122995496,2.03441786503936,-4.92128880309892,-4.94728982978204,-0.148648019677803
"1642.MS00564",3.25595474165859,-5.37750145798598,0.497341563232731,-0.13215981382067,1.75953975449337,-4.55797126880123,-3.8065421552142,-0.720015091900209,-2.14410919132956,-4.82246278801568,-4.78015264739186,-3.4791511638653,-2.18352205729027,2.60683689432562,-4.39213010842467,-6.9997240708809,1.30173560635818,2.45634087928737,-5.92186021346971,-0.323671938620342,-5.46516179533617,NA,1.83595878981778,0.568647993424724,-3.92547488723849,-0.920555454986494,2.67115344796212,-0.362571666577457,-0.10942783965759,-5.33863215355896,0.146807054308747,-4.68610851241634,-3.54086612664345,-2.75415024373204,-4.30207350595092,-4.00927895890358,4.64654269286922,-5.06261277695091,-4.49839289866195,0.382196398874798
"1642.MS00358",5.29300094597305,3.21365926200923,0.4032088764099,-0.586480353687203,0.160855722874677,-0.66716694888738,-0.194864247373696,-0.339513485572679,1.59263252984181,1.69006734259407,0.905685134072607,1.19444514673414,2.08159158398321,1.86002407298425,-0.621482879055708,-0.470586443140883,1.58040037238362,2.95317641467874,0.308329647985762,-0.771559811371057,3.74759775842883,1.83595878981778,NA,2.39246143878252,-0.128451999125669,-0.360620437420423,3.20494914727815,-0.0190991354486063,0.0728936273906593,0.700692341902467,0.792933729644791,0.376187723040017,-0.495215119749743,2.44461991478699,4.91818174910023,0.113787717871748,2.65557618268066,0.990792537292584,0.525902735673288,0.472172721528704
"2382.DPOO1.C1.HA.1.23.root.6.11.lane1.NoIndex.L001.sequences",-4.80663723672883,0.61537597720712,-1.16378350543681,-6.72029721527895,-7.5290351861532,2.23801689960289,1.14581329162472,-7.64140050784558,2.59228454919179,0.0939076576795294,1.12718601643892,1.16724648541273,-1.06873062178693,-6.3192971807148,0.911094101837076,1.10977377110343,-7.2751365325622,-5.91107757104811,1.15463327561667,-7.10797191996619,-0.0523791378327053,0.568647993424724,2.39246143878252,NA,1.07025049331597,-5.22092275426149,-4.94793906506408,-6.94068295277794,-6.24119510880417,2.14707813964795,-6.36498984362407,1.13821488843163,3.6266775005921,0.311624926750023,1.44302119428996,0.59204872646474,-3.81460273341132,1.57558842350769,0.507204093767813,-5.74590932305914
"1642.MS00414",4.08885264530034,-4.42884192508312,0.872039146493784,-0.118885476033,1.5958309643568,-3.36265922122756,-3.60574563485984,-0.601333938758696,-2.81122330474431,-3.43879118201338,-3.54350997276166,-4.04396864850302,-0.993253105371453,3.25914669216048,-4.42154545389596,-4.71499903789121,1.1044644192301,2.85931756003715,-4.2323191492279,-0.258336904946844,-4.29137802065312,-3.92547488723849,-0.128451999125669,1.07025049331597,NA,-0.503134532313357,3.86055867257247,-0.178183844072475,0.412348700813398,-3.91854675424166,0.328817812856457,-3.93293736110477,-3.15156459472409,-3.90544103570171,-3.14733874615483,-3.26473904439277,4.95712237594558,-3.96719653171354,-4.29149944150749,0.298184394539523
"2382.HE003.C181.HA.3.131.r1.root.6.11.lane7.NoIndex.L007.sequences",-4.61694865089303,-0.169068968802492,-2.48797571385082,-4.89528714074523,-5.04905132317581,-0.14689399878959,-0.516983173701428,-5.96108787981005,0.906705232113887,-1.18767220585629,-0.0990573370348212,-1.28445958203456,-1.96357337797099,-4.9836031837268,0.178452068819976,-0.441492946225994,-4.65571014199607,-3.82611852774215,-0.0679991480911047,-5.7869525962614,-0.717730893916687,-0.920555454986494,-0.360620437420423,-5.22092275426149,-0.503134532313357,NA,-4.30390159390567,-4.38993967769374,-5.16975466824101,0.636769740538617,-5.77059189296104,-0.319141164156255,1.36797692773729,-0.972406466547754,1.78274739978616,-0.878015254087257,-2.58767452927005,-0.433179465331159,-0.101108978638903,-4.22637623036073
"2382.SH004.C1.RH.5.622.rhizo.9.12.lane7.NoIndex.L007.sequences",-9.25459695859359,1.90663403432888,-1.4920867564386,-4.11089292404526,-6.31676097344241,3.00653571296714,3.45302062832943,-3.64362894238151,8.62513527365073,1.26668399114747,4.81428503291254,1.43904196234367,0.0876653708980221,-8.61449843482476,3.36896725952628,4.24152334630906,-5.97770838250189,-8.777508777224,3.03473956419403,-6.49608636776591,1.24021639308585,2.67115344796212,3.20494914727815,-4.94793906506408,3.86055867257247,-4.30390159390567,NA,-3.42929913671899,-2.40431885464334,6.77334822021761,-5.51390035647033,4.01970163348853,4.93138143297579,1.61065205964144,3.80495661419704,4.1638158409954,-5.65062995424904,5.62223680673132,1.91802962974347,-4.52440260482907
"2382.MU002.C3.HA.3.288.root.9.11.lane1.NoIndex.L001.sequences",-5.80938077612311,0.130919749113865,-2.7799237342629,-7.03135759144234,-6.20420296576264,0.730366268695531,0.48187793000631,-5.64720749223878,1.35513454888125,-0.223316076407653,0.684685081524964,-0.380121599148272,-1.17043037499952,-5.93691369509767,-0.196346261891432,0.221436407781612,-8.30993318172267,-4.94656422334917,0.322390786106693,-7.82598998856911,-0.625104160569128,-0.362571666577457,-0.0190991354486063,-6.94068295277794,-0.178183844072475,-4.38993967769374,-3.42929913671899,NA,-5.9919651762114,1.20239772510939,-5.49142805005891,0.232294951922891,1.92914108595468,-0.396094907214868,1.2949865325936,-0.185095496260396,-2.01848355633133,0.876887970625991,0.317579900079831,-6.24502669310938
"2382.SH004.C1.RH.4.418.root.4.12.lane7.NoIndex.L007.sequences",-5.52346317194518,0.429285731949397,-2.29743527514789,-4.74643634528332,-6.39168863912893,0.741022841247969,0.569441208434438,-6.39785923281889,1.03867991513306,0.00441226833251643,0.596495733081223,0.141199307475811,-0.674415475384414,-6.86487588760479,0.082645054757331,0.511706276753758,-6.4313107009837,-5.36549205749105,0.517319866476833,-6.53610864778445,0.209712281428898,-0.10942783965759,0.0728936273906593,-6.24119510880417,0.412348700813398,-5.16975466824101,-2.40431885464334,-5.9919651762114,NA,1.03698663746864,-7.15792642808888,0.530065313325049,1.35076751017747,-0.044754473133708,0.957816595089026,-0.260487832484262,-2.60645618935735,0.685201839868104,0.497878450477744,-5.69817541049512
"1642.MS00596",7.07056336778364,-3.84042462599949,1.14517443879264,1.11848754725,4.96906749337158,-3.2073267725746,-4.54110072688493,0.472240392851581,-2.63728700102075,-3.42744265597881,-3.51543327836483,-2.69112271488087,-1.09345142208757,6.44524693850772,-3.96423779201623,-5.33342181507628,3.84903488073553,6.97978346096527,-6.60765919927453,1.1766120142571,-6.25734993556382,-5.33863215355896,0.700692341902467,2.14707813964795,-3.91854675424166,0.636769740538617,6.77334822021761,1.20239772510939,1.03698663746864,NA,2.43476940078978,-4.89253788360741,-3.35455341405685,-4.5307697192019,-2.41535549605487,-2.96491025098383,6.99785833762185,-5.05852287302297,-4.16760977847686,2.35698994034021
"2382.SH008.C6.HA.4.115.root.6.11.lane1.NoIndex.L001.sequences",-4.64637128266199,0.398731509749237,-2.05526775026333,-6.50948964292397,-7.05833930444584,1.41221843807032,0.984837412507823,-6.33225780997134,3.55697843671312,-0.0649879621168604,1.21798371380401,-1.20471740944652,-1.38772557193347,-5.66227372814417,0.819298768786746,0.914555320359169,-5.25199076969751,-5.73772649317827,0.913448268010215,-6.96799339070903,-0.127912173129996,0.146807054308747,0.792933729644791,-6.36498984362407,0.328817812856457,-5.77059189296104,-5.51390035647033,-5.49142805005891,-7.15792642808888,2.43476940078978,NA,0.967100238618879,3.19974387048197,-0.140265347826251,2.80928266670745,1.04426795677444,-3.73041599520338,1.75302335043694,0.248267758464095,-7.14579139683488
"1642.MS00542",4.82078026984377,-5.64846498109284,1.11684720420161,0.536227165432748,2.27068303995364,-6.70354625942307,-5.07971624061384,-0.413133639360399,-4.19268346279846,-4.08938947537567,-5.70287998167478,-1.47005261655935,-0.872446360587628,3.98797688662191,-4.00734590493823,-7.62307132579728,1.716908847227,2.91062906223151,-6.63993780096463,0.0778433602023729,-6.79579943212693,-4.68610851241634,0.376187723040017,1.13821488843163,-3.93293736110477,-0.319141164156255,4.01970163348853,0.232294951922891,0.530065313325049,-4.89253788360741,0.967100238618879,NA,-5.55323253990615,-4.15543980954325,-3.84298650494323,-3.60286746461059,6.16002217559401,-4.8948671095236,-3.9208227541945,0.875503333724297
"1642.MS00489",4.72583803144096,-3.4171781337621,1.04488121889728,0.675059123492623,5.24011204994222,-5.73896848914418,-3.71639308176593,1.18162791084512,-3.66028956659042,-2.6111660884325,-3.90907482055418,-1.82712936699094,-1.61548323547455,6.85702026690726,-3.7779523013344,-2.50586587857572,4.53116959636596,4.97022588485653,-3.54082522761414,2.27089213322522,-5.91931767848873,-3.54086612664345,-0.495215119749743,3.6266775005921,-3.15156459472409,1.36797692773729,4.93138143297579,1.92914108595468,1.35076751017747,-3.35455341405685,3.19974387048197,-5.55323253990615,NA,-3.24082547181348,-2.14859808713661,-2.11733893844149,8.26770214762128,-4.41067533634606,-3.53421549386055,3.30005041011657
"1642.MS00391",3.32541742987835,-5.00043472152208,1.14139963628571,-0.0459715521810302,0.763608603951691,-3.25679341267094,-2.86879167253125,-0.867264173933073,-3.57627289389683,-4.42282681865938,-4.14947197964871,-2.54993798500465,-3.17586394213863,1.43385161751951,-4.65135668684728,-4.24340961058888,0.544380691957078,1.29015531556226,-4.71285573585036,-0.50964726710686,-4.55469260959516,-2.75415024373204,2.44461991478699,0.311624926750023,-3.90544103570171,-0.972406466547754,1.61065205964144,-0.396094907214868,-0.044754473133708,-4.5307697192019,-0.140265347826251,-4.15543980954325,-3.24082547181348,NA,-3.74206915219354,-4.20541607052687,3.1782350705411,-5.0986491972179,-4.56338419452702,0.0160120968895712
"1642.MS00613",4.27019106263824,-4.06252077910775,0.973396008191945,1.22009840104415,3.45093831583,-1.55065968186784,-2.83781930377984,1.19317848179003,-1.60816252032996,-1.85005062333457,-3.28270941521447,-1.25886932851494,-0.577679273263096,5.42405405406298,-1.75701836898753,-3.34331013187233,3.55891246946706,4.80516071287456,-4.05883219178474,1.52495648656473,-2.20934947961257,-4.30207350595092,4.91818174910023,1.44302119428996,-3.14733874615483,1.78274739978616,3.80495661419704,1.2949865325936,0.957816595089026,-2.41535549605487,2.80928266670745,-3.84298650494323,-2.14859808713661,-3.74206915219354,NA,-1.79091151527135,4.876155037601,-1.78695163640971,-3.09209145655629,2.330538413148
"1642.MS00402",4.85570239086676,-3.68389176318367,1.05158456313589,-0.32754627835977,2.58950027755078,-4.04482877140503,-3.0339733369625,-0.801226856447797,-1.37038017533888,-2.528237885623,-3.86977780960095,-3.19906314824368,-1.84341703029365,3.82348361598002,-3.4424169661005,-3.32135785555286,1.54237592392761,3.30051603416834,-3.67466694309277,-0.21225846609579,-3.40213122995496,-4.00927895890358,0.113787717871748,0.59204872646474,-3.26473904439277,-0.878015254087257,4.1638158409954,-0.185095496260396,-0.260487832484262,-2.96491025098383,1.04426795677444,-3.60286746461059,-2.11733893844149,-4.20541607052687,-1.79091151527135,NA,6.41623957571087,-3.2770144167991,-3.35502119017138,0.47674784377906
"2382.MU002.C3.HA.4.692.rhizo.9.12.lane7.NoIndex.L007.sequences",-1.70104055967168,3.64351612026388,-0.35380713784721,-4.25586459280001,-5.24126281223991,6.08503704502563,5.67405821992565,-3.44985405510049,9.40506661927586,4.85091638787962,5.70516143684741,2.71473888217964,1.11316746920343,-2.94092235898514,4.28895447880527,6.05013743773154,-1.76909668867916,-3.03439647302504,4.14312559823308,-5.29101632552966,2.03441786503936,4.64654269286922,2.65557618268066,-3.81460273341132,4.95712237594558,-2.58767452927005,-5.65062995424904,-2.01848355633133,-2.60645618935735,6.99785833762185,-3.73041599520338,6.16002217559401,8.26770214762128,3.1782350705411,4.876155037601,6.41623957571087,NA,7.44641606501113,5.08597161747317,-3.20134733100699
"1642.MS00630",5.51911223350585,-5.76767264857662,0.911049405606752,1.11741160673168,4.18168424450155,-5.2186622693683,-4.19456383124763,-0.00987180203046559,-2.92352550757201,-4.39892467616622,-4.69012513170633,-2.73135912004408,-1.48614578905416,5.52130728226714,-3.07622809147827,-4.85209409184321,2.88071843999461,5.52350650380413,-5.85166318172587,0.770517030639867,-4.92128880309892,-5.06261277695091,0.990792537292584,1.57558842350769,-3.96719653171354,-0.433179465331159,5.62223680673132,0.876887970625991,0.685201839868104,-5.05852287302297,1.75302335043694,-4.8948671095236,-4.41067533634606,-5.0986491972179,-1.78695163640971,-3.2770144167991,7.44641606501113,NA,-4.45875975180816,1.75073097377873
"1642.MS00437",2.78865896337615,-5.43511889294629,1.04485173863718,0.0532532869241873,1.63243602445961,-4.33737879884,-4.68369287090311,-0.418686390601605,-3.32999149454856,-4.56217694066171,-4.31720665135181,-2.95992915485762,-1.14468589911586,2.02751085198119,-4.24794970023665,-5.03178927291881,1.23302496220841,2.60834173379131,-5.78773598493523,-0.2042703299291,-4.94728982978204,-4.49839289866195,0.525902735673288,0.507204093767813,-4.29149944150749,-0.101108978638903,1.91802962974347,0.317579900079831,0.497878450477744,-4.16760977847686,0.248267758464095,-3.9208227541945,-3.53421549386055,-4.56338419452702,-3.09209145655629,-3.35502119017138,5.08597161747317,-4.45875975180816,NA,0.498446741763847
"2382.SH008.C6.HA.4.543.root.4.12.lane7.NoIndex.L007.sequences",-3.34853479735234,0.574818679855176,-2.62205546331736,-6.28505598247586,-8.40085479032225,1.73851810306427,1.13776592015391,-7.59816905805041,3.64579738172817,0.202494320127037,1.80081896063176,-0.7883986231951,-1.28067763612597,-4.04256993038418,-0.0902459608547409,1.11550967849557,-6.73503792165985,-4.0811018838558,1.08314960708993,-7.01272823062197,-0.148648019677803,0.382196398874798,0.472172721528704,-5.74590932305914,0.298184394539523,-4.22637623036073,-4.52440260482907,-6.24502669310938,-5.69817541049512,2.35698994034021,-7.14579139683488,0.875503333724297,3.30005041011657,0.0160120968895712,2.330538413148,0.47674784377906,-3.20134733100699,1.75073097377873,0.498446741763847,NA
